index	status	title	source_url	saved_path	resolved_url	message
1	downloaded	CL API: Real-Time Closed-Loop Interactions with Biological Neural Networks	https://doi.org/10.48550/arXiv.2602.11632	/home/lenovo/Downloads/cortical-labs-research-papers/01 - CL API Real-Time Closed-Loop Interactions with Biological Neural Networks.pdf	https://arxiv.org/abs/2602.11632	672412 bytes from https://arxiv.org/pdf/2602.11632
2	failed	A novel protocol for the efficient generation of all three major hippocampal neuronal sub-populations from human pluripotent stem cells	https://doi.org/10.64898/2026.01.21.700748		https://www.biorxiv.org/lookup/doi/10.64898/2026.01.21.700748	HTTP 404 https://link.springer.com/content/pdf/10.64898/2026.01.21.700748.pdf
3	downloaded	A Quantifiable Information-Processing Hierarchy Provides a Necessary Condition for Detecting Agency	https://doi.org/10.48550/arXiv.2601.03498	/home/lenovo/Downloads/cortical-labs-research-papers/03 - A Quantifiable Information-Processing Hierarchy Provides a Necessary Condition for Detecting Agency.pdf	https://arxiv.org/abs/2601.03498	2151683 bytes from https://arxiv.org/pdf/2601.03498
4	downloaded	A Computational Perspective on NeuroAI and Synthetic Biological Intelligence	https://doi.org/10.48550/arXiv.2509.23896	/home/lenovo/Downloads/cortical-labs-research-papers/04 - A Computational Perspective on NeuroAI and Synthetic Biological Intelligence.pdf	https://arxiv.org/abs/2509.23896	5605159 bytes from https://arxiv.org/pdf/2509.23896
5	failed	Why AI Progress Will Necessitate Harnessing Synthetic Biology to Leverage the Ground Truth of Intelligence	https://link.springer.com/chapter/10.1007/978-3-031-93623-4_12		https://link.springer.com/chapter/10.1007/978-3-031-93623-4_12	not PDF (text/html; charset=utf-8) https://link.springer.com/chapter/10.1007/978-3-031-93623-4_12
6	failed	Two roads diverged: Pathways toward harnessing intelligence in neural cell cultures	https://www.cell.com/cell-biomaterials/fulltext/S3050-5623(25)00147-3		https://www.cell.com/cell-biomaterials/fulltext/S3050-5623(25)00147-3	HTTP 403 https://www.cell.com/cell-biomaterials/pdf/S3050-5623(25)00147-3.pdf
7	failed	Dynamic Network Plasticity and Sample Efficiency in Biological Neural Cultures: A Comparative Study with Deep Reinforcement Learning	https://pmc.ncbi.nlm.nih.gov/articles/PMC12320521/		https://pmc.ncbi.nlm.nih.gov/articles/PMC12320521/	not PDF (text/html; charset=utf-8) https://pmc.ncbi.nlm.nih.gov/articles/instance/12320521/bin/cbsystems.0336.f1.pdf
8	failed	The CL1 as a platform technology to leverage biological neural system functions	https://www.nature.com/articles/s44222-025-00340-3		https://www.nature.com/articles/s44222-025-00340-3	"not PDF (text/html; charset=""UTF-8"") https://www.nature.com/articles/s44222-025-00340-3"
9	failed	In vitro neurons learn and exhibit sentience when embodied in a simulated gameworld	https://doi.org/10.1016/j.neuron.2022.09.001		https://linkinghub.elsevier.com/retrieve/pii/S0896627322008066	HTTP 404 https://link.springer.com/content/pdf/10.1016/j.neuron.2022.09.001.pdf
10	downloaded	Critical dynamics arise during structured information presentation within embodied in vitro neuronal networks	https://doi.org/10.1038/s41467-023-41020-3	/home/lenovo/Downloads/cortical-labs-research-papers/10 - Critical dynamics arise during structured information presentation within embodied in vitro neuronal networks.pdf	https://www.nature.com/articles/s41467-023-41020-3	3007131 bytes from https://link.springer.com/content/pdf/10.1038/s41467-023-41020-3.pdf
11	downloaded	Drug treatment alters performance in a neural microphysiological system of information processing	https://doi.org/10.1038/s42003-025-08194-6	/home/lenovo/Downloads/cortical-labs-research-papers/11 - Drug treatment alters performance in a neural microphysiological system of information processing.pdf	https://www.nature.com/articles/s42003-025-08194-6	8437613 bytes from https://link.springer.com/content/pdf/10.1038/s42003-025-08194-6.pdf
12	failed	Harnessing Intelligence from Brain Cells In Vitro	https://doi.org/10.1177/10738584251321438		https://journals.sagepub.com/doi/10.1177/10738584251321438	HTTP 404 https://link.springer.com/content/pdf/10.1177/10738584251321438.pdf
13	downloaded	Organoid intelligence (OI): the new frontier in biocomputing and intelligence-in-a-dish	https://doi.org/10.3389/fsci.2023.1017235	/home/lenovo/Downloads/cortical-labs-research-papers/13 - Organoid intelligence (OI) the new frontier in biocomputing and intelligence-in-a-dish.pdf	https://www.frontiersin.org/journals/science/articles/10.3389/fsci.2023.1017235/full	6114382 bytes from https://www.frontiersin.org/journals/science/articles/10.3389/fsci.2023.1017235/pdf
14	failed	The technology, opportunities, and challenges of Synthetic Biological Intelligence	https://doi.org/10.1016/j.biotechadv.2023.108233		https://linkinghub.elsevier.com/retrieve/pii/S0734975023001404	HTTP 404 https://link.springer.com/content/pdf/10.1016/j.biotechadv.2023.108233.pdf
15	downloaded	Biological Neurons Compete with Deep Reinforcement Learning in Sample Efficiency in a Simulated Gameworld	https://doi.org/10.48550/arXiv.2405.16946	/home/lenovo/Downloads/cortical-labs-research-papers/15 - Biological Neurons Compete with Deep Reinforcement Learning in Sample Efficiency in a Simulated Gameworld.pdf	https://arxiv.org/abs/2405.16946	24306987 bytes from https://arxiv.org/pdf/2405.16946
16	failed	Toward a nomenclature consensus for diverse intelligent systems: Call for collaboration	https://doi.org/10.1016/j.xinn.2024.100658		https://linkinghub.elsevier.com/retrieve/pii/S2666675824000961	HTTP 404 https://link.springer.com/content/pdf/10.1016/j.xinn.2024.100658.pdf
17	failed	Starting a synthetic biological intelligence lab from scratch	https://doi.org/10.1016/j.patter.2025.101232		https://linkinghub.elsevier.com/retrieve/pii/S2666389925000807	HTTP 404 https://link.springer.com/content/pdf/10.1016/j.patter.2025.101232.pdf
18	failed	Embodied Neural Systems Can Enable Iterative Investigations of Morally Relevant States	https://doi.org/10.1523/JNEUROSCI.0431-24.2024		https://www.jneurosci.org/lookup/doi/10.1523/JNEUROSCI.0431-24.2024	HTTP 404 https://link.springer.com/content/pdf/10.1523/JNEUROSCI.0431-24.2024.pdf
19	failed	Human Neural Organoid Microphysiological Systems Show the Building Blocks Necessary for Basic Learning and Memory	https://doi.org/10.1101/2024.09.17.613333		https://www.biorxiv.org/lookup/doi/10.1101/2024.09.17.613333	HTTP 404 https://link.springer.com/content/pdf/10.1101/2024.09.17.613333.pdf
20	failed	Neurons Embodied in a Virtual World: Evidence for Organoid Ethics?	https://doi.org/10.1080/21507740.2022.2048731		https://www.tandfonline.com/doi/full/10.1080/21507740.2022.2048731	HTTP 404 https://link.springer.com/content/pdf/10.1080/21507740.2022.2048731.pdf
21	failed	Active Inference and Intentional Behavior	https://doi.org/10.1162/neco_a_01738		https://direct.mit.edu/neco/article/37/4/666/128203/Active-Inference-and-Intentional-Behavior	HTTP 403 https://direct.mit.edu/neco/article-pdf/doi/10.1162/neco_a_01738
22	downloaded	Intersection between the biological and digital: synthetic biological intelligence and organoid intelligence	https://doi.org/10.3389/fncel.2024.1542629	/home/lenovo/Downloads/cortical-labs-research-papers/22 - Intersection between the biological and digital synthetic biological intelligence and organoid intelligence.pdf	https://www.frontiersin.org/journals/cellular-neuroscience/articles/10.3389/fncel.2024.1542629/full	101019 bytes from https://www.frontiersin.org/journals/cellular-neuroscience/articles/10.3389/fncel.2024.1542629/pdf
